{"index":{"_id":201}}
{"product_id":201,"product-title":"Hero Blade 26T S365BBDBD02 Hybrid Cycle  (Green, Black)","product-descrition":"<p>32 oz Grip Bottle with Flexible Straw - BPA Free</p>\n<ul class=\"productFeature\" style=\"border: 0px; list-style: none; text-decoration: none; margin: 6px 0px 0px 6px; padding: 0px; color: #2c302f; font-size: 12px; font-family: Arial, Helvetica, sans-serif; font-style: normal; font-variant: normal; font-weight: bold; letter-spacing: normal; line-height: normal; orphans: auto; text-align: left; text-indent: 0px; text-transform: none; white-space: normal; widows: 1; word-spacing: 0px; -webkit-text-stroke-width: 0px; background-color: #ffffff;\">\n<li style=\"border: 0px; list-style: disc inside; text-decoration: none; margin: 0px; padding: 0px 0px 3px 3px;\">Comfort grip handle</li>\n<li style=\"border: 0px; list-style: disc inside; text-decoration: none; margin: 0px; padding: 0px 0px 3px 3px;\">2 lid options available</li>\n<li style=\"border: 0px; list-style: disc inside; text-decoration: none; margin: 0px; padding: 0px 0px 3px 3px;\">Wide mouth opening</li>\n<li style=\"border: 0px; list-style: disc inside; text-decoration: none; margin: 0px; padding: 0px 0px 3px 3px;\">Large imprint area</li>\n<li style=\"border: 0px; list-style: disc inside; text-decoration: none; margin: 0px; padding: 0px 0px 3px 3px;\">Top shelf dishwasher safe</li>\n</ul>","model-number":"S365BBDBD02","model-name":"Blade 26T","brand":"Hero Bicycles","category":["bicycle","cycle"],"keywords":["bicycle","hero","kids"],"feature-details":{"1":{"label":"mudguard","value":"U-Shaped"},"2":{"label":"front-derailleur","value":"Shimano"},"3":{"label":"shifters","value":"Shimano"},"4":{"label":"rear-derailleur","value":"Shimano"},"5":{"label":"handlebar","value":"610 mm x41 mm Rise"},"6":{"label":"stem","value":"steel"},"7":{"label":"crankset","value":"shimano"},"8":{"label":"sales-package","value":"1 Cycle"},"9":{"label":"rider-height","value":"5 ft 4 inches-6 ft 4 inches"},"10":{"label":"shifter-type","value":"wrist-shifter"}},"warranty":{"domestic-warranty":0.3},"pricing":{"decorative":[{"from":100,"to":400,"rate":"2.0000","code":"C"}],"special-price":[{"discount":"10%","offer":"SBI Bank Offer","code":"sbi"},{"discount":"5%","offer":"AXIS Bank Offer","code":"axis"}]},"supplier_id":"5","sku":"67032","image_url":"https://rukminim1.flixcart.com/image/832/832/cycle/x/y/f/s365bbdbd02-hero-18-blade-original-imaemsqfsueq5pyu.jpeg?q=70","product_source":"WEBSITE","active":true,"valid_up_to":"11-30-2018","special_price_valid_up_to":"11-30-1999","attributes":{"color":["green","black","red"],"size":["small","medium","large"]},"shipping_information":{"free_on_board":"14001","quantity_in_carton":90,"carton":{"width":{"param":"","unit":"inches"},"height":{"param":"","unit":"inches"},"length":{"param":"","unit":"inches"},"weight":{"param":"","unit":"LBS"}},"product":{"width":{"param":"14","unit":"inches"},"height":{"param":"20","unit":"inches"},"length":{"param":"145","unit":"inches"},"weight":{"param":"15","unit":"LBS"}}},"product_other_info":[],"vid":["sup5-1","2001"]}
{"index":{"_id":202}}
{"product_id":202,"product-title":"Hero Blade 26T S365BBDBD02 Hybrid Cycle  (Green, Black)","product-descrition":"<p>32 oz Grip Bottle with Flexible Straw - BPA Free</p>\n<ul class=\"productFeature\" style=\"border: 0px; list-style: none; text-decoration: none; margin: 6px 0px 0px 6px; padding: 0px; color: #2c302f; font-size: 12px; font-family: Arial, Helvetica, sans-serif; font-style: normal; font-variant: normal; font-weight: bold; letter-spacing: normal; line-height: normal; orphans: auto; text-align: left; text-indent: 0px; text-transform: none; white-space: normal; widows: 1; word-spacing: 0px; -webkit-text-stroke-width: 0px; background-color: #ffffff;\">\n<li style=\"border: 0px; list-style: disc inside; text-decoration: none; margin: 0px; padding: 0px 0px 3px 3px;\">Comfort grip handle</li>\n<li style=\"border: 0px; list-style: disc inside; text-decoration: none; margin: 0px; padding: 0px 0px 3px 3px;\">2 lid options available</li>\n<li style=\"border: 0px; list-style: disc inside; text-decoration: none; margin: 0px; padding: 0px 0px 3px 3px;\">Wide mouth opening</li>\n<li style=\"border: 0px; list-style: disc inside; text-decoration: none; margin: 0px; padding: 0px 0px 3px 3px;\">Large imprint area</li>\n<li style=\"border: 0px; list-style: disc inside; text-decoration: none; margin: 0px; padding: 0px 0px 3px 3px;\">Top shelf dishwasher safe</li>\n</ul>","model-number":"S365BBDBD02","model-name":"Blade 26T","brand":"Hero Bicycles","category":["bicycle","cycle"],"keywords":["bicycle","hero","kids"],"feature-details":{"1":{"label":"mudguard","value":"U-Shaped"},"2":{"label":"front-derailleur","value":"Shimano"},"3":{"label":"shifters","value":"Shimano"},"4":{"label":"rear-derailleur","value":"Shimano"},"5":{"label":"handlebar","value":"610 mm x41 mm Rise"},"6":{"label":"stem","value":"steel"},"7":{"label":"crankset","value":"shimano"},"8":{"label":"sales-package","value":"1 Cycle"},"9":{"label":"rider-height","value":"5 ft 4 inches-6 ft 4 inches"},"10":{"label":"shifter-type","value":"wrist-shifter"}},"warranty":{"domestic-warranty":0.3},"pricing":{"decorative":[{"from":100,"to":400,"rate":"2.0000","code":"C"}],"special-price":[{"discount":"10%","offer":"SBI Bank Offer","code":"sbi"},{"discount":"5%","offer":"AXIS Bank Offer","code":"axis"}]},"supplier_id":"5","sku":"67032","image_url":"https://rukminim1.flixcart.com/image/832/832/cycle/x/y/f/s365bbdbd02-hero-18-blade-original-imaemsqfsueq5pyu.jpeg?q=70","product_source":"WEBSITE","active":true,"valid_up_to":"11-30-2018","special_price_valid_up_to":"11-30-1999","attributes":{"color":["green","black","red"],"size":["small","medium","large"]},"shipping_information":{"free_on_board":"14001","quantity_in_carton":90,"carton":{"width":{"param":"","unit":"inches"},"height":{"param":"","unit":"inches"},"length":{"param":"","unit":"inches"},"weight":{"param":"","unit":"LBS"}},"product":{"width":{"param":"14","unit":"inches"},"height":{"param":"20","unit":"inches"},"length":{"param":"145","unit":"inches"},"weight":{"param":"15","unit":"LBS"}}},"product_other_info":[],"vid":["sup5-1","2001"]}
