
{"index":{"_id":201}}
{"product_id":201,"product-title":"Hero Blade 26T S365BBDBD02 Hybrid Cycle  (Green, Black)","product-descrition":"<p>32 oz Grip Bottle with Flexible Straw - BPA Free</p>\n<ul class=\"productFeature\" style=\"border: 0px; list-style: none; text-decoration: none; margin: 6px 0px 0px 6px; padding: 0px; color: #2c302f; font-size: 12px; font-family: Arial, Helvetica, sans-serif; font-style: normal; font-variant: normal; font-weight: bold; letter-spacing: normal; line-height: normal; orphans: auto; text-align: left; text-indent: 0px; text-transform: none; white-space: normal; widows: 1; word-spacing: 0px; -webkit-text-stroke-width: 0px; background-color: #ffffff;\">\n<li style=\"border: 0px; list-style: disc inside; text-decoration: none; margin: 0px; padding: 0px 0px 3px 3px;\">Comfort grip handle</li>\n<li style=\"border: 0px; list-style: disc inside; text-decoration: none; margin: 0px; padding: 0px 0px 3px 3px;\">2 lid options available</li>\n<li style=\"border: 0px; list-style: disc inside; text-decoration: none; margin: 0px; padding: 0px 0px 3px 3px;\">Wide mouth opening</li>\n<li style=\"border: 0px; list-style: disc inside; text-decoration: none; margin: 0px; padding: 0px 0px 3px 3px;\">Large imprint area</li>\n<li style=\"border: 0px; list-style: disc inside; text-decoration: none; margin: 0px; padding: 0px 0px 3px 3px;\">Top shelf dishwasher safe</li>\n</ul>","model-number":"S365BBDBD02","model-name":"Blade 26T","brand":"Hero Bicycles","category":["bicycle","cycle"],"keywords":["bicycle","hero","kids"],"feature-details":{"1":{"label":"mudguard","value":"U-Shaped"},"2":{"label":"front-derailleur","value":"Shimano"},"3":{"label":"shifters","value":"Shimano"},"4":{"label":"rear-derailleur","value":"Shimano"},"5":{"label":"handlebar","value":"610 mm x41 mm Rise"},"6":{"label":"stem","value":"steel"},"7":{"label":"crankset","value":"shimano"},"8":{"label":"sales-package","value":"1 Cycle"},"9":{"label":"rider-height","value":"5 ft 4 inches-6 ft 4 inches"},"10":{"label":"shifter-type","value":"wrist-shifter"}},"warranty":{"domestic-warranty":0.3},"pricing":{"decorative":[{"from":100,"to":400,"rate":"2.0000","code":"C"}],"special-price":[{"discount":"10%","offer":"SBI Bank Offer","code":"sbi"},{"discount":"5%","offer":"AXIS Bank Offer","code":"axis"}]},"supplier_id":"5","sku":"67032","image_url":"https://rukminim1.flixcart.com/image/832/832/cycle/x/y/f/s365bbdbd02-hero-18-blade-original-imaemsqfsueq5pyu.jpeg?q=70","product_source":"WEBSITE","active":true,"valid_up_to":"11-30-2018","special_price_valid_up_to":"11-30-1999","attributes":{"color":["green","black","red"],"size":["small","medium","large"]},"shipping_information":{"free_on_board":"14001","quantity_in_carton":90,"carton":{"width":{"param":"","unit":"inches"},"height":{"param":"","unit":"inches"},"length":{"param":"","unit":"inches"},"weight":{"param":"","unit":"LBS"}},"product":{"width":{"param":"14","unit":"inches"},"height":{"param":"20","unit":"inches"},"length":{"param":"145","unit":"inches"},"weight":{"param":"15","unit":"LBS"}}},"product_other_info":[], "vid":["sup5-1","2001"]}
{"index":{"_id":202}}
{"product_id":202,"product-title":"COSMIC ELDORADO 1.0L 21 SPEED MTB BICYCLE BLACK/RED-PREMIUM EDITION ELDORADO26BKRD Hybrid Cycle  (Black, Red)","product-descrition":"<div data-reactid=386 class=_2tFX2Q><div data-reactid=390 class=_36fS1V>Cycling to work serves dual purposes. It helps you cut down on the daily commuting expenses and at the same time boosts your fitness level. If you're up for this idea, then delay no further, and get this Eldorado bike from Cosmic.</div></div><div data-reactid=391 class=_3jmfs-><div data-reactid=392 class=\"_2briKY _3-fMoP\"><div data-reactid=393 class=_1GuuTl>Frameset</div><div data-reactid=394><div data-reactid=395><div data-reactid=396 class=\"Lib_as Pk2voS _2XGBfy\"><img data-reactid=397 src=\"https://rukminim1.flixcart.com/image/200/200/cycle/s/c/r/eldorado26bkrd-cosmic-l-eldorado-1-0l-21-speed-mtb-bicycle-black-original-imaeg2v6zje3zevj.jpeg?q=90\"></div><div data-reactid=398 class=DQKXPi><p>The steel frame makes this bike sturdy and durable. The front ZOOM suspension offers resistance against bumps, so you are safe while riding on an uneven terrain.</div></div></div><div data-reactid=399> </div></div></div><div data-reactid=400 class=_3jmfs-><div data-reactid=401 class=\"_2briKY _3-fMoP\"><div data-reactid=402 class=_1GuuTl>Drive Train</div><div data-reactid=403><div data-reactid=404><div data-reactid=405 class=\"Lib_as Pk2voS _2XGBfy\"><img data-reactid=406 src=\"https://rukminim1.flixcart.com/image/200/200/cycle/s/c/r/eldorado26bkrd-cosmic-l-eldorado-1-0l-21-speed-mtb-bicycle-black-original-imaeg2v6ydgh4wrg.jpeg?q=90\"></div><div data-reactid=407 class=DQKXPi><p>Featuring Shimano EF-51 shifters, and Shimano derailleurs at the front and the back, this bike ensures a smooth gear change, both uphill and downhill. This configuration, along with the KOSEI steel crankset, a KENLI sealed BB set, and a Shimano TZ-21 freewheel, ensures smooth chain work, minimal chain slip, and an overall smooth riding experience.</div></div></div></div></div>","model-number":"ELDORADO26BKRD","model-name":"ELDORADO","brand":"Cosmic","category":["bicycle","cycle"],"keywords":["bicycle","cosmic","mtb"],"feature-details":{"1":{"label":"mudguard","value":"U-Shaped"},"2":{"label":"front-derailleur","value":"SHIMANO TZ30"},"3":{"label":"shifters","value":"SHIMANO EF-51"},"4":{"label":"rear-derailleur","value":"SHIMANO TZ50"},"5":{"label":"handlebar","value":"SMALL SWALLOW TYPE"},"6":{"label":"stem","value":"ALLOY 4-PIN EXT:80MM"},"7":{"label":"crankset","value":"shimano"},"8":{"label":"sales-package","value":"1 Cycle"},"9":{"label":"rider-height","value":"5 ft 4 inches-6 ft 4 inches"},"10":{"label":"shifter-type","value":"wrist-shifter"}},"warranty":{"domestic-warranty":1},"pricing":{"decorative":[{"from":100,"to":400,"rate":"2.0000","code":"C"}],"special-price":[{"discount":"15%","offer":"SBI Bank Offer","code":"sbi15"},{"discount":"10%","offer":"AXIS Bank Offer","code":"axis10"}]},"supplier_id":"6","sku":"85412","image_url":"https://rukminim1.flixcart.com/image/832/832/cycle/s/c/r/eldorado26bkrd-cosmic-l-eldorado-1-0l-21-speed-mtb-bicycle-black-original-imaeg2v6ydgh4wrg.jpeg?q=70","product_source":"WEBSITE","active":true,"valid_up_to":"11-30-2018","special_price_valid_up_to":"11-30-2017","attributes":{"color":["black","red"]},"shipping_information":{"free_on_board":"14001","product":{"width":{"param":"14","unit":"inches"},"height":{"param":"20","unit":"inches"},"length":{"param":"145","unit":"inches"},"weight":{"param":"15","unit":"LBS"}}},"product_other_info":[], "vid":["sup5-1","2001"]}
{"index":{"_id":203}}
{"product_id":203,"product-title":"OYAMA Freedom 2.3 21 Speed 27.5 MKN16090019 Mountain Cycle  (Black, Red)","product-descrition":"Frame: Integrated HT Alloy 6061,Pulse Tig Welded Fork : Zoom Headset:NECO Brake:Z star Front & Rear Disc Brakes Freewheel:Shimano 7 Speed Shifters: Shimano Shift,EZ-Fire Plus 3X7 Speed HandleBar/Stem: Alloy Crank Set:Prowheel Bottom Bracket: NECO Front Derailleur:Shimano FD-TY10 Rear Derailleur:Shimano Tourney Rims: Alloy Double Wall Tires:CST 27.5inX1.95in","model-number":"MKN16090019","model-name":"Freedom 2.3","brand":"OYAMA","category":["bicycle","cycle"],"keywords":["bicycle","OYAMA","Freedom","mtb"],"feature-details":{"1":{"label":"mudguard","value":"No Mudguard"},"2":{"label":"front-derailleur","value":"Shimano FD-TY10"},"3":{"label":"shifters","value":"Shimano EZ- Fire"},"4":{"label":"rear-derailleur","value":"Shimano Tourney"},"5":{"label":"handlebar","value":"Alloy"},"6":{"label":"stem","value":"Alloy"},"7":{"label":"crankset","value":"Prowheel"},"8":{"label":"sales-package","value":"1 Cycle"},"9":{"label":"rider-height","value":"5 ft 4 inches-6 ft 4 inches"},"10":{"label":"shifter-type","value":"wrist-shifter"}},"warranty":{"domestic-warranty":1},"pricing":{"decorative":[{"from":100,"to":400,"rate":"2.0000","code":"C"}],"special-price":[{"discount":"12%","offer":"SBI Bank Offer","code":"sbi12"}]},"supplier_id":"7","sku":"456210","image_url":"https://rukminim1.flixcart.com/image/832/832/cycle/y/j/g/freedom-2-3-21-speed-27-5-mkn16090019-17-oyama-original-imaequ8khm8zgpnx.jpeg?q=70","product_source":"WEBSITE","active":true,"valid_up_to":"1-03-2018","special_price_valid_up_to":"1-12-2017","attributes":{"color":["red-black"]},"shipping_information":{"free_on_board":"14001","product":{"width":{"param":"15","unit":"inches"},"height":{"param":"22","unit":"inches"},"length":{"param":"125","unit":"inches"},"weight":{"param":"17","unit":"LBS"}}},"product_other_info":[], "vid":["sup5-1","2001"]}
{"index":{"_id":204}}
{"product_id":204,"product-title":"LA Sovereign Back Bone 700C 18 Speed 700C0HYB02 Hybrid Cycle  (Black)","product-descrition":"The rocking frame design, color combination and the graphics makes this bike look terrific and gives a feeling to just liven up your boring rides. The dynamic color accents infuse this bike with energy. It would let you have an unlimited fun going around the streets. It has an adjustable seat for comfort. It gives a secured ride with very efficient brakes.","model-number":"700C0HYB02","model-name":"Back Bone 700C 18 Speed","brand":"LA","category":["bicycle","cycle"],"keywords":["bicycle","LA","Sovereign","hybrid"],"feature-details":{"1":{"label":"mudguard","value":"No Mudguard"},"2":{"label":"front-derailleur","value":"Shimano Tourney"},"3":{"label":"shifters","value":"Shimano"},"4":{"label":"rear-derailleur","value":"Shimano"},"5":{"label":"handlebar","value":"Alloy Handlebar"},"6":{"label":"stem","value":"Alloy Adjustable"},"7":{"label":"crankset","value":"Prowheel"},"8":{"label":"sales-package","value":"1 Cycle"},"9":{"label":"rider-height","value":"5 ft 4 inches-6 ft 4 inches"},"10":{"label":"shifter-type","value":"Easy Fire"}},"warranty":{"domestic-warranty":1,"international-warranty":0},"pricing":{"decorative":[{"from":100,"to":400,"rate":"2.0000","code":"C"}],"special-price":[{"discount":"12%","offer":"Axis Bank Offer","code":"axis12"}]},"supplier_id":"8","sku":"321478","image_url":"https://rukminim1.flixcart.com/image/832/832/cycle/u/r/d/700c0hyb02-la-sovereign-19-back-bone-700c-18-speed-original-imaezsxcy6btquez.jpeg?q=70","product_source":"WEBSITE","active":true,"valid_up_to":"3-30-2018","special_price_valid_up_to":"10-02-2017","attributes":{"color":["black"]},"shipping_information":{"free_on_board":"14001","product":{"width":{"param":"52","unit":"inches"},"height":{"param":"34","unit":"inches"},"length":{"param":"125","unit":"inches"},"weight":{"param":"14","unit":"KG"}}},"product_other_info":[], "vid":["sup5-1","2001"]}

