{"index":{"_id":301}}
{"product_id":301,"product-title":"ELECTRONIC COMPONENTS PROJECT KIT / BREADBOARD,CAPACITOR,RESISTOR,LED,SWITCH","product-descrition":"<p><strong>Components Included</strong> <br /><br />&bull; Breadboard &nbsp;- 1 Pcs <br />&bull; 2 metre hookup wire <br />&bull; Assorted Resistor - 50 Pcs <br />&bull; Assorted Ceramic Capacitor - 50 Pcs <br />&bull; Assorted Capacitor - 70 Pcs <br />&bull; Assorted Transistor - 40 Pcs <br />&bull; Assorted 5mm LED - 50 Pcs <br />&bull; Assorted Diodes - 20 Pcs <br />&bull; Misc Components <br /><br /><strong>Assorted Resistor(5 pcs Each)</strong> <br /><br />1 Ohm, 10 Ohm, 100 Ohm, 150 Ohm, 220 Ohm, 1K, 10K, 100K, 150k, 220k, 1M <br /><br /><strong>Assorted Ceramic Capacitor(10 Pcs Each)</strong> <br /><br />10 Pf, 100 pf, 102 pf,103 pf, 104 pf <br /><br /><strong>Assorted Transistors</strong> <br /><br />547 - 10 pcs, 557 - 10 pcs, KN2222 - 10 pcs, 2N3904 - 5 Pcs, 2N3906 - 5 Pcs <br /><br /><strong>Assorted Capacitor</strong> <br /><br />1uf&nbsp;-10 Pcs, 2.2uf-10 Pcs, 4.7uf-10 Pcs, 47uf-10 Pcs, 100uf-10 Pcs,220uf-5 Pcs, 470uf-5 Pcs <br /><br /><strong>Assorted 5MM LED (10 Pcs Each)</strong> <br /><br />Red, Blue, Green, Yellow, Infrared <br /><br /><strong>Diodes (10 Pcs Each)</strong> <br /><br />4007, 4148 <br /><br /><strong>Miscellaneous Components</strong> <br /><br />5.1V Zener-2&nbsp;Pcs, 555 Timer IC, 741 Opamp IC, 4017 Counter IC, 100 Ohm Trimpot, 1K Ohm Trimpot, 5K Ohm Trimpot, 10K Ohm Trimpot, LM317 Voltage Regulator, 7805 Voltage Regulator, 7812 Voltage Regulator, LDR,&nbsp;B20 Buzzer Thermistor&nbsp;-3 Value, 9V Battery, 9V Battery Clip, push buttons-2 Pcs, Condenser mic</p>","part-number":"AT-100","part-name":"ELECTRONIC COMPONENTS PROJECT KIT","brand":"Generic","category":["electronics","electronic installation equipment"],"keywords":["electronic","component","project","kit","breadboard","capacitor","resistor","led","switch"],"feature-details":{"1":{"label":"Color","value":"Yellow"},"2":{"label":"Ean","value":"0110243617696"},"3":{"label":"Is Assembly Required","value":false},"4":{"label":"item-weight","value":"358gms"},"5":{"label":"Material Type","value":"Monocolored transparent plastic box"},"6":{"label":"UPC","value":"110243617696"},"7":{"label":"ASIN","value":"B00N23YNA0"}},"components_included":{"1":{"label":"Breadboard","quantity":"10"},"2":{"label":"Hook Up Wire","quantity":"10"},"3":{"label":"Battery","quantity":"1"},"4":{"label":"Assorted Transistors","quantity":"10"},"5":{"label":"Assorted Capacitors","quantity":"10"},"6":{"label":"Assorted Resistor","quantity":"10"},"7":{"label":"Miscellaneous Components","quantity":"5"}},"pricing":{"special_component":[{"from":100,"to":400,"rate":"2.0000","code":"C"}],"base_price":[{"mrp":"480","unit":"INR"}]},"supplier_id":"4","sku":"784512","image_url":"http://ecx.images-amazon.com/images/I/51QCebR6IEL.jpg","product_source":"WEBSITE","active":true,"valid_up_to":"11-30-2018","date_first_available_on_website":"10-13-2014","shipping_information":{"free_on_board":"14001","quantity_in_carton":10,"carton":{"width":{"param":"12","unit":"inches"},"height":{"param":"12","unit":"inches"},"length":{"param":"12","unit":"inches"},"weight":{"param":"1","unit":"LBS"}},"product":{"width":{"param":"14","unit":"cm"},"height":{"param":"20","unit":"cm"},"length":{"param":"145","unit":"cm"},"weight":{"param":"150","unit":"gms"}}},"product_other_info":[],"vid":["sup5-1","2001"]}
{"index":{"_id":302}}
{"product_id":302,"product-title":"ELECTRONIC COMPONENTS PROJECT KIT / BREADBOARD,CAPACITOR,RESISTOR,LED,SWITCH","product-descrition":"<p><strong>Components Included</strong> <br /><br />&bull; Breadboard &nbsp;- 1 Pcs <br />&bull; 2 metre hookup wire <br />&bull; Assorted Resistor - 50 Pcs <br />&bull; Assorted Ceramic Capacitor - 50 Pcs <br />&bull; Assorted Capacitor - 70 Pcs <br />&bull; Assorted Transistor - 40 Pcs <br />&bull; Assorted 5mm LED - 50 Pcs <br />&bull; Assorted Diodes - 20 Pcs <br />&bull; Misc Components <br /><br /><strong>Assorted Resistor(5 pcs Each)</strong> <br /><br />1 Ohm, 10 Ohm, 100 Ohm, 150 Ohm, 220 Ohm, 1K, 10K, 100K, 150k, 220k, 1M <br /><br /><strong>Assorted Ceramic Capacitor(10 Pcs Each)</strong> <br /><br />10 Pf, 100 pf, 102 pf,103 pf, 104 pf <br /><br /><strong>Assorted Transistors</strong> <br /><br />547 - 10 pcs, 557 - 10 pcs, KN2222 - 10 pcs, 2N3904 - 5 Pcs, 2N3906 - 5 Pcs <br /><br /><strong>Assorted Capacitor</strong> <br /><br />1uf&nbsp;-10 Pcs, 2.2uf-10 Pcs, 4.7uf-10 Pcs, 47uf-10 Pcs, 100uf-10 Pcs,220uf-5 Pcs, 470uf-5 Pcs <br /><br /><strong>Assorted 5MM LED (10 Pcs Each)</strong> <br /><br />Red, Blue, Green, Yellow, Infrared <br /><br /><strong>Diodes (10 Pcs Each)</strong> <br /><br />4007, 4148 <br /><br /><strong>Miscellaneous Components</strong> <br /><br />5.1V Zener-2&nbsp;Pcs, 555 Timer IC, 741 Opamp IC, 4017 Counter IC, 100 Ohm Trimpot, 1K Ohm Trimpot, 5K Ohm Trimpot, 10K Ohm Trimpot, LM317 Voltage Regulator, 7805 Voltage Regulator, 7812 Voltage Regulator, LDR,&nbsp;B20 Buzzer Thermistor&nbsp;-3 Value, 9V Battery, 9V Battery Clip, push buttons-2 Pcs, Condenser mic</p>","part-number":"AT-100","part-name":"ELECTRONIC COMPONENTS PROJECT KIT","brand":"Generic","category":["electronics","electronic installation equipment"],"keywords":["electronic","component","project","kit","breadboard","capacitor","resistor","led","switch"],"feature-details":{"1":{"label":"Color","value":"Yellow"},"2":{"label":"Ean","value":"0110243617696"},"3":{"label":"Is Assembly Required","value":false},"4":{"label":"item-weight","value":"358gms"},"5":{"label":"Material Type","value":"Monocolored transparent plastic box"},"6":{"label":"UPC","value":"110243617696"},"7":{"label":"ASIN","value":"B00N23YNA0"}},"components_included":{"1":{"label":"Breadboard","quantity":"10"},"2":{"label":"Hook Up Wire","quantity":"10"},"3":{"label":"Battery","quantity":"1"},"4":{"label":"Assorted Transistors","quantity":"10"},"5":{"label":"Assorted Capacitors","quantity":"10"},"6":{"label":"Assorted Resistor","quantity":"10"},"7":{"label":"Miscellaneous Components","quantity":"5"}},"pricing":{"special_component":[{"from":100,"to":400,"rate":"2.0000","code":"C"}],"base_price":[{"mrp":"480","unit":"INR"}]},"supplier_id":"4","sku":"784512","image_url":"http://ecx.images-amazon.com/images/I/51QCebR6IEL.jpg","product_source":"WEBSITE","active":true,"valid_up_to":"11-30-2018","date_first_available_on_website":"10-13-2014","shipping_information":{"free_on_board":"14001","quantity_in_carton":10,"carton":{"width":{"param":"12","unit":"inches"},"height":{"param":"12","unit":"inches"},"length":{"param":"12","unit":"inches"},"weight":{"param":"1","unit":"LBS"}},"product":{"width":{"param":"14","unit":"cm"},"height":{"param":"20","unit":"cm"},"length":{"param":"145","unit":"cm"},"weight":{"param":"150","unit":"gms"}}},"product_other_info":[],"vid":["sup5-1","2001"]}
{"index":{"_id":303}}
{"product_id":303,"product-title":"Generic 6 in1 Electric Soldering Iron Stand Tool Wire Stripper Kit 25 Watt Welding Stick Set","product-descrition":"<ul><li><span class=a-list-item>General purpose for all electronic applications and household needs. Not recommended for heavy industrial/highly professional usage.</span><li><span class=a-list-item>Durable elements designed for long life</span><li><span class=a-list-item>Slide on replaceable tips. Low current leakage</span><li><span class=a-list-item>For best results please follow the below steps:</span><li><span class=a-list-item>Correctly Insert the Tip before plugging in. Heating will take 30-45 seconds</span><li><span class=a-list-item>Rest the Solder after every ten minutes of use. Change the Tip when it turns Black</span></ul>","part-number":"TON_STD","part-name":"Electric Soldering Iron Stand Toolkit","brand":"Generic","category":["electronics","electronic installation equipment"],"keywords":["electronic","soldering","project","kit","iron","striper","welding"],"feature-details":{"1":{"label":"Color","value":"Yellow"},"2":{"label":"Ean","value":"0110243617757"},"3":{"label":"Is Assembly Required","value":false},"4":{"label":"item-weight","value":"308gms"},"5":{"label":"Material Type","value":"Metal Rubber"},"6":{"label":"UPC","value":"110243617757"},"7":{"label":"ASIN","value":"B00N24TYUI"}},"components_included":{"1":{"label":"Solder Machine","quantity":"1"},"2":{"label":"Solder Machine Stand","quantity":"1"},"3":{"label":"Solder Wire","quantity":"1 meter"},"4":{"label":"Wire Stripper","quantity":"1"},"5":{"label":"Soldering Paste","quantity":"2nos"}},"pricing":{"special_component":[{"from":100,"to":400,"rate":"2.0000","code":"C"}],"base_price":[{"mrp":"177","unit":"INR"}]},"supplier_id":"14","sku":"6985412","image_url":"http://ecx.images-amazon.com/images/I/81o8vrgFh9L._SX522_.jpg","product_source":"WEBSITE","active":true,"valid_up_to":"11-30-2018","date_first_available_on_website":"10-13-2017","shipping_information":{"free_on_board":"14001","quantity_in_carton":10,"carton":{"width":{"param":"12","unit":"inches"},"height":{"param":"12","unit":"inches"},"length":{"param":"12","unit":"inches"},"weight":{"param":"1","unit":"LBS"}},"product":{"width":{"param":"14","unit":"cm"},"height":{"param":"20","unit":"cm"},"length":{"param":"145","unit":"cm"},"weight":{"param":"150","unit":"gms"}}},"product_other_info":[],"vid":["sup5-1","2001"]}
{"index":{"_id":304}}
{"product_id":304,"product-title":"Arduino Uno R3 Compatible Development Board ATmega328P CH340G with USB cable","product-descrition":"<ul><li><span class=a-list-item>Micro controller : ATmega328</span><li><span class=a-list-item>Operating Voltage : 5Volts</span><li><span class=a-list-item>Digital I/O Pins 14 (of which 6 provide PWM output)</span><li><span class=a-list-item>Analog Input Pins 6</span><li></ul>","part-number":"UNOR3","part-name":"Arduino Uno","brand":"VASAVI","category":["electronics","electronic installation equipment"],"keywords":["electronic","Arduino","uno","ATmega328P"],"feature-details":{"1":{"label":"Color","value":"Blue"},"2":{"label":"Is Assembly Required","value":false},"3":{"label":"item-weight","value":"150gms"},"4":{"label":"Material Type","value":"Metal"},"5":{"label":"ASIN","value":"B01BEX5UCY"},"6":{"label":"Item Shape","value":"Rectangle"}},"components_included":{"1":{"label":"Audrino","quantity":"1"},"2":{"label":"RJ45 LAN Cable","quantity":"1"},"3":{"label":"Connectors","quantity":"4"}},"pricing":{"special_component":[{"from":100,"to":400,"rate":"2.0000","code":"C"}],"base_price":[{"mrp":"560","unit":"INR"}]},"supplier_id":"140","sku":"5874210","image_url":"http://ecx.images-amazon.com/images/I/51dqN1FbxeL.jpg","product_source":"WEBSITE","active":true,"valid_up_to":"11-30-2018","date_first_available_on_website":"10-13-2017","shipping_information":{"free_on_board":"14001","quantity_in_carton":10,"carton":{"width":{"param":"12","unit":"inches"},"height":{"param":"12","unit":"inches"},"length":{"param":"12","unit":"inches"},"weight":{"param":"1","unit":"LBS"}},"product":{"width":{"param":"14","unit":"cm"},"height":{"param":"20","unit":"cm"},"length":{"param":"145","unit":"cm"},"weight":{"param":"150","unit":"gms"}}},"product_other_info":[],"vid":["sup5-1","2001"]}
{"index":{"_id":305}}
{"product_id":305,"product-title":"Quad Store(TM) - Ultra kit for Raspberry Pi 3, 2 (Without Raspberry)","product-descrition":"<ul><li><span class=a-list-item>Quad Store (TM) - Ultra Kit for Raspberry Pi 3,2 (without Raspberry)</span><li><span class=a-list-item>Check out for brand name QUAD STORE, QR scan code and hologram in the retail package to verify authenticity of the product.</span><li><span class=a-list-item>Note: This kit DOES NOT include Raspberry Pi. We have included a guide for the projects</span><li><span class=a-list-item>Skill Level: Starters to Advance Level</span><li><span class=a-list-item>Package Includes: 54 Individual Components in plastic box, Starter guide and source code in DVD, Parts reference chart and list for easy identification.</span><li></ul>","part-number":"QS_URPI","part-name":"Raspberry Pi 3","brand":"Quad Store(TM)","category":["electronics","electronic installation equipment"],"keywords":["electronic","Raspberry","pi","3"],"feature-details":{"1":{"label":"Color","value":"Assorted"},"2":{"label":"Is Assembly Required","value":true},"3":{"label":"item-weight","value":"549gms"},"4":{"label":"Material Type","value":"Assorted"},"5":{"label":"ASIN","value":"B01N5AH8SY"},"6":{"label":"Product Dimention","value":"18 x 15 x 5 cm"}},"components_included":{"1":{"label":"Components","quantity":"54 Individual Components in plastic box"},"2":{"label":"Starter guide and source code in DVD","quantity":"1"},"3":{"label":"Parts reference chart and list for easy identification","quantity":"4"}},"pricing":{"special_component":[{"from":100,"to":400,"rate":"2.0000","code":"C"}],"base_price":[{"mrp":"2999","unit":"INR"}]},"supplier_id":"10","sku":"9658748","image_url":"http://ecx.images-amazon.com/images/I/81XDAz9OG%2BL._SX522_.jpg","product_source":"WEBSITE","active":true,"valid_up_to":"11-30-2018","date_first_available_on_website":"10-13-2017","shipping_information":{"free_on_board":"14001","quantity_in_carton":10,"carton":{"width":{"param":"12","unit":"inches"},"height":{"param":"12","unit":"inches"},"length":{"param":"12","unit":"inches"},"weight":{"param":"1","unit":"LBS"}},"product":{"width":{"param":"14","unit":"cm"},"height":{"param":"20","unit":"cm"},"length":{"param":"145","unit":"cm"},"weight":{"param":"150","unit":"gms"}}},"product_other_info":[],"vid":["sup5-1","2001"]}

