{"index":{"_id":401}}
{"product_id":401,"product-title":"HealthViva 100% Natural Protein, 0.88 lb Unflavoured","product-descrition":"<p>&nbsp;</p><ul><li>HealthViva 100% Natural Plant and Milk protein fills in protein deficiency in adults</li><li>Offers 8g easily digestible high-quality proteins, with 9 essential amino acids per 10g serving</li><li>Milk proteins help support muscle development and improve fitness</li><li>Plant proteins from soy extracts help build strength and energy</li><li>Helps increase immunity to provide natural protection against diseases</li></ul><p>&nbsp;</p><p>&nbsp;</p>","product-detail":"<p>Proteins are the building blocks of the human body and are needed for maintenance and repair of tissues. Since human body can&rsquo;t store proteins, it&rsquo;s essential to consume them daily. &nbsp;The easily digestible, complete protein blend derived from soy, whey and casein in HealthViva 100% Protein helps build immunity, strength and good health in men and women of all ages.</p><div><strong>Know Your Protein Score</strong></div><div>A typical Indian diet, consisting of (roti, daal,&nbsp;sabzi) provides 33g protein whereas 55g protein is required by the body. Protein deficiency is growing in Indians and 9 out of 10 Indians consume less protein than required. Adequate protein improves health, fitness, energy and well-being.</div><div><strong>9 Essential Amino Acids</strong></div><div>HealthViva 100% Natural Protein provides 9 essential amino acids that a human body can&rsquo;t process but are critical to support muscle synthesis, bone growth, healthy nervous system and good mood in men and women.</div><div><strong>High Quality &amp; Quantity Protein</strong></div><div>HealthViva 100% Natural Protein has PDCAAS (Protein Digestibility Corrected Amino Acid Score) score of 1.0 which is the highest value for any protein source.&nbsp;</div><div><em>*PDCAAS is the method of evaluating the protein quality on the basis of amino acid need and the ability to digest it.</em></div><div><strong>Benefits</strong></div><div><strong>Helps build strength</strong></div><div>HealthViva &nbsp;100% Natural Protein offers the highest quality and quantity protein to help improve muscle recovery in fitness beginners and aids in enhancing strength and energy in individuals of all ages.</div><div><strong>Aids in building immunity</strong></div><div>HealthViva 100% Natural Protein provides nine essential amino acids for the synthesis of antibodies, interferons that form key components of a strong and healthy immunity. This may help improve your immunity.&nbsp;</div><div><strong>Serving Suggestion:&nbsp;</strong>Mix one heaping scoop of HealthViva 100% Natural Protein to One glass of milk, juice, water, shake or any beverage of your choice</div><p>You can also add one heaping scoop of neutral tasting HealthViva 100% Natural Protein to gravies, dal, soups or mix with flour to add goodness to your&nbsp;<em>r</em><em>otis.&nbsp;</em></p>","item-number":"8906067020529","item-name":"HealthViva Natural Protien","brand":"HealthViva","category":["Health Food & Drinks","Protien Shakes"],"keywords":["HealthViva","Protien","shakes","100%","natural","Unflavoured"],"feature-details":{"general-traits":{"1":{"label":"Number of Servings","value":"40"},"2":{"label":"Serving Size","value":"10g"},"3":{"label":"Protien Source","value":"Plant and Milk"},"4":{"label":"Protien per Servings","value":"8g"},"5":{"label":"Veg/Non-Veg","value":"Veg"}},"additional-information":{"1":{"label":"Manufactured in","value":"India"},"2":{"label":"Flavour","value":"Unflavoured"},"3":{"label":"Concern","value":"Well Being"},"4":{"label":"Form","value":"Powder"},"5":{"label":"Gender","value":"Unisex"},"6":{"label":"Packaging","value":"Jar"}},"other-traits":{"1":{"label":"Weight Bucket","value":"0.9"},"2":{"label":"Flavour Base","value":"others"},"3":{"label":"Protein per Serving Bucket ","value":"8"}}},"supplement-information":{"composition":{"1":{"label":"Energy(Kcal)","value":"36.87"},"2":{"label":"Protien(g)","value":"8.0"},"3":{"label":"Carbohydrates(g)","value":"0.7"},"4":{"label":"Added Sugar(g)","value":"0.23"},"5":{"label":"Fat(g)","value":"36.87"},"6":{"label":"Saturated Fats(g)","value":"36.87"},"7":{"label":"Saturated Fats(g)","value":"36.87"}},"Essential Amino Acids":{"1":{"label":"Leucine(mg)","value":"36.87"},"2":{"label":"Isoluceine(g)","value":"8.0"},"3":{"label":"Valine(g)","value":"0.7"},"4":{"label":"Lysine(g)","value":"0.23"},"5":{"label":"Typrothlan(g)","value":"36.87"}},"Semi Essential Amino Acids":{"1":{"label":"Arginine(mg)","value":"36.87"},"2":{"label":"Cysteine(g)","value":"8.0"},"3":{"label":"Glycine(g)","value":"0.7"},"4":{"label":"Proline(g)","value":"0.23"},"5":{"label":"Tyrosine(g)","value":"36.87"}},"Ingridients":{"soy protine":"68%","whey protine":"29%","Bulking Agent":"3%"}},"pricing":{"base-price":[{"from":100,"to":400,"rate":"2.0000","code":"C"}]},"supplier_id":"15","sku":"985632","image_url":"https://img2.hkrtcdn.com/1329/prd_132891_c_l.jpg","product_source":"WEBSITE","active":true,"valid_up_to":"11-30-2018","attributes":{"weight":["0.88","2.2"],"unit":"lb"},"shipping_information":{"free_on_board":"14001","quantity_in_carton":90,"carton":{"width":{"param":"12","unit":"inches"},"height":{"param":"12","unit":"inches"},"length":{"param":"12","unit":"inches"},"weight":{"param":"12","unit":"LBS"}},"product":{"width":{"param":"14","unit":"inches"},"height":{"param":"20","unit":"inches"},"length":{"param":"145","unit":"inches"},"weight":{"param":"15","unit":"LBS"}}},"product_other_info":[],"vid":["sup5-1","2001"]}
{"index":{"_id":402}}
{"product_id":402,"product-title":"Purayati Daily Health Protein Powder, 1 kg Natural Cocoa","product-descrition":"<p> <ul><li>Protein powders as a supplement to your regular food<li>Help in daily nutrition requirements<li>High quality and efficacious</ul><p> ","product-detail":"Purayati Daily Health Protein Powder","item-number":"42456","item-name":"Purayati Daily Health Protein Powder","brand":"Purayati","category":["Health Food & Drinks","Protien Shakes"],"keywords":["Purayati","Protien","shakes","100%","natural"],"feature-details":{"general-traits":{"1":{"label":"Number of Servings","value":"50"},"2":{"label":"Serving Size","value":"20g"},"3":{"label":"Protien Source","value":"Natural"},"4":{"label":"Protien per Servings","value":"6.3g"},"5":{"label":"Veg/Non-Veg","value":"Veg"}},"additional-information":{"2":{"label":"Flavour","value":"Natural Cocoa"},"3":{"label":"Concern","value":"Energy"},"4":{"label":"Form","value":"Powder"},"5":{"label":"Gender","value":"Unisex"},"6":{"label":"Packaging","value":"Jar"}},"other-traits":{"1":{"label":"Weight Bucket","value":"2.2"},"2":{"label":"Flavour Base","value":"others"},"3":{"label":"Protein per Serving Bucket ","value":"6.3"}}},"supplement-information":{"composition":{"1":{"label":"Energy(Kcal)","value":"61.32"},"2":{"label":"Protien(g)","value":"6.3"},"3":{"label":"Carbohydrates(g)","value":"3.3"},"4":{"label":"Added Sugar(g)","value":"0"},"5":{"label":"Fat(g)","value":"2.58"},"6":{"label":"Saturated Fats(g)","value":"1.06"},"7":{"label":"Polysaturated Fats(g)","value":"0.9"}},"Essential Amino Acids":{"1":{"label":"Folic Acid","value":"50"},"2":{"label":"Pantothenic","value":"4.0"}},"Vitamins":{"1":{"label":"Vitamin A","value":"1000"},"2":{"label":"Vitamin C","value":"20"},"3":{"label":"Vitamin E","value":"7.5"},"4":{"label":"Vitamin B1","value":"0.7"},"5":{"label":"Vitamin B2","value":"0.8"},"6":{"label":"Vitamin B3","value":"7.5"},"7":{"label":"Vitamin B6","value":"0.7"},"8":{"label":"Vitamin B12","value":"0.5"}},"Other":{"1":{"label":"Calcium(mg)","value":"100"},"2":{"label":"Iodine","value":"75"},"3":{"label":"Magnesium","value":"25"},"4":{"label":"Zinc","value":"6"},"5":{"label":"Selenium","value":"20"},"6":{"label":"Copper","value":"0.6"},"7":{"label":"Manganese","value":"1"}}},"pricing":{"base-price":[{"from":100,"to":400,"rate":"2.0000","code":"C"}]},"supplier_id":"15","sku":"172293","image_url":"https://img4.hkrtcdn.com/1723/prd_172293_c_l.jpg","product_source":"WEBSITE","active":true,"valid_up_to":"11-30-2018","attributes":{"weight":["1","2"],"unit":"kg"},"shipping_information":{"free_on_board":"14001","quantity_in_carton":90,"carton":{"width":{"param":"12","unit":"inches"},"height":{"param":"12","unit":"inches"},"length":{"param":"12","unit":"inches"},"weight":{"param":"12","unit":"LBS"}},"product":{"width":{"param":"14","unit":"inches"},"height":{"param":"20","unit":"inches"},"length":{"param":"145","unit":"inches"},"weight":{"param":"15","unit":"LBS"}}},"product_other_info":[], "vid":["sup5-1","2001"]}
{"index":{"_id":403}}
{"product_id":403,"product-title":"Summit Nutritions Super Plant Protein, 2 lb Alpine Vanilla","product-descrition":"<p> <ul><li>Summit Nutritions Super Plant Protein support digestive system and aids immune and weight loss processes<li>A 100 % natural daily value product containing 13 multi-vitamins and 11 essential Multi-minerals<li></ul><p> ","product-detail":"Summit Nutritions Super Plant Protein","item-number":"982145","item-name":"Summit Nutritions Super Plant Protein","brand":"Summit","category":["Health Food & Drinks","Protien Shakes"],"keywords":["Summit","Protien","shakes","100%","natural"],"feature-details":{"general-traits":{"1":{"label":"Number of Servings","value":"31"},"2":{"label":"Serving Size","value":"29g"},"3":{"label":"Protien Source","value":"Natural"},"4":{"label":"Protien per Servings","value":"13g"},"5":{"label":"Veg/Non-Veg","value":"Veg"}},"additional-information":{"2":{"label":"Flavour","value":"Alpine Vanilla"},"3":{"label":"Concern","value":"Energy,Immunity,Well Being"},"4":{"label":"Form","value":"Powder"},"5":{"label":"Gender","value":"Unisex"},"6":{"label":"Packaging","value":"Packet"}},"other-traits":{"1":{"label":"Weight Bucket","value":"2"},"2":{"label":"Flavour Base","value":"Vanilla"},"3":{"label":"Protein per Serving Bucket ","value":"13"}}},"supplement-information":{"composition":{"1":{"label":"Calories(Kcal)","value":"75"},"2":{"label":"Protien(g)","value":"13"},"3":{"label":"Carbohydrates(g)","value":"7"},"4":{"label":"Added Sugar(g)","value":"0"},"5":{"label":"Fat(g)","value":"<1"},"6":{"label":"Saturated Fats(g)","value":"0"},"7":{"label":"Polysaturated Fats(g)","value":"0"}},"Essential Amino Acids":{"1":{"label":"Folic Acid","value":"400"},"2":{"label":"Pantothenic","value":"10"}},"Vitamins":{"1":{"label":"Vitamin A","value":"5000"},"2":{"label":"Vitamin C","value":"60"},"3":{"label":"Vitamin E","value":"600"},"4":{"label":"Vitamin B1","value":"0.7"},"5":{"label":"Vitamin B2","value":"0.8"},"6":{"label":"Vitamin B3","value":"7.5"},"7":{"label":"Vitamin B6","value":"2"},"8":{"label":"Vitamin B12","value":"6"}},"Other":{"1":{"label":"Biotin(mg)","value":"300"},"2":{"label":"Calcium","value":"80"},"3":{"label":"Magnesium","value":"100"},"4":{"label":"Zinc","value":"3.8"},"5":{"label":"Iron","value":"4.5"},"6":{"label":"Iodine","value":"100"},"7":{"label":"Riboflavin","value":"1.7"}}},"pricing":{"base-price":[{"from":100,"to":400,"rate":"2.0000","code":"C"}]},"supplier_id":"15","sku":"854126","image_url":"https://img2.hkrtcdn.com/1731/prd_173021_c_l.jpg","product_source":"WEBSITE","active":true,"valid_up_to":"12-31-2018","attributes":{"weight":["1","1.1","2"],"unit":"kg","flavour":["Alpine Vanilla","Dutch Chocolate"]},"shipping_information":{"free_on_board":"14001","quantity_in_carton":90,"carton":{"width":{"param":"12","unit":"inches"},"height":{"param":"12","unit":"inches"},"length":{"param":"12","unit":"inches"},"weight":{"param":"12","unit":"LBS"}},"product":{"width":{"param":"14","unit":"inches"},"height":{"param":"20","unit":"inches"},"length":{"param":"145","unit":"inches"},"weight":{"param":"15","unit":"LBS"}}},"product_other_info":[], "vid":["sup5-1","2001"]}
{"index":{"_id":404}}
{"product_id":404,"product-title":"Amway Nutrilite Protein, 1.1 lb Unflavoured","product-descrition":"<ul><li>Keeps you energised all day<li>Reduces the accumulation of fats<li>Good for muscle tissues and gaining strength<li>Aids in losing weight<li>There is no scoop available with this product</ul>","product-detail":"Amway Nutrilite Protein","item-number":"652310","item-name":"Amway Nutrilite Protein","brand":"Amway","category":["Health Food & Drinks","Protien Shakes"],"keywords":["Amway","Protien","shakes","100%","natural"],"feature-details":{"general-traits":{"1":{"label":"Number of Servings","value":"50"},"2":{"label":"Serving Size","value":"10g"},"3":{"label":"Protien Source","value":"Natural"},"4":{"label":"Protien per Servings","value":"8g"},"5":{"label":"Veg/Non-Veg","value":"Veg"}},"additional-information":{"2":{"label":"Flavour","value":"Unflavoured"},"3":{"label":"Concern","value":"Weight Loss"},"4":{"label":"Form","value":"Powder"},"5":{"label":"Gender","value":"Unisex"},"6":{"label":"Packaging","value":"Tin"}},"other-traits":{"1":{"label":"Weight Bucket","value":"1.1"},"2":{"label":"Flavour Base","value":"Others"},"3":{"label":"Protein per Serving Bucket ","value":"8"}}},"supplement-information":{},"pricing":{"base-price":[{"from":100,"to":400,"rate":"2.0000","code":"C"}]},"supplier_id":"19","sku":"5874120","image_url":"https://img8.hkrtcdn.com/1557/prd_155607_c_l.jpg","product_source":"WEBSITE","active":true,"valid_up_to":"12-31-2018","attributes":{"weight":["1.1","2.2"],"unit":"kg"},"shipping_information":{"free_on_board":"14001","quantity_in_carton":90,"carton":{"width":{"param":"12","unit":"inches"},"height":{"param":"12","unit":"inches"},"length":{"param":"12","unit":"inches"},"weight":{"param":"12","unit":"LBS"}},"product":{"width":{"param":"14","unit":"inches"},"height":{"param":"20","unit":"inches"},"length":{"param":"145","unit":"inches"},"weight":{"param":"15","unit":"LBS"}}},"product_other_info":[],  "vid":["sup5-1","2001"]}